{
  "requiredPermissions": [
    "ALLOW_TO_MOVE_PLAYER_INSIDE_SCENE"
  ],
  "display": {
    "title": "interactive-text",
    "favicon": "favicon_asset"
  },
  "contact": {
    "name": "author-name",
    "email": ""
  },
  "owner": "",
  "scene": {
    "parcels": [
      "0,0"
    ],
    "base": "0,0"
  },
  "communications": {
    "type": "webrtc",
    "signalling": "https://signalling-01.decentraland.org"
  },
  "policy": {
    "contentRating": "E",
    "fly": true,
    "voiceEnabled": true,
    "blacklist": [],
    "teleportPosition": ""
  },
  "main": "bin/game.js",
  "tags": []
}