{
  "id": "b85db49d-19c1-4526-85a8-38d2b91e5241",
  "name": "Glass Door Aptero",
  "tags": ["door"],
  "category": "structures",
  "parameters": [
    {
      "id": "onClickText",
      "label": "Hover text",
      "type": "text",
      "default": "Open/Close"
    },
    {
      "id": "onClick",
      "label": "When clicked",
      "type": "actions",
      "default": "toggle"
    },
    {
      "id": "onOpen",
      "label": "When opened",
      "type": "actions"
    },
    {
      "id": "onClose",
      "label": "When closed",
      "type": "actions"
    },
    {
      "id": "openDuration",
      "label": "Opening duration (milliseconds)",
      "type": "float",
      "default": 3000
    },{
      "id": "position",
      "label" : "Space separated coordinates",
      "type": "text"
    }
  ],
  "actions": [
    {
      "id": "open",
      "label": "Open",
      "parameters": []
    },
    {
      "id": "close",
      "label": "Close",
      "parameters": []
    },
    {
      "id": "toggle",
      "label": "Open or Close",
      "parameters": []
    }
  ]
}
