{
  "id": "55a10ad0-c973-4692-9e20-76270ef4bdcc",
  "name": "Test smart item",
  "category": "structures",
  "tags": [
    "platform",
    "vertical",
    "interactive"
  ],
  "model": "models/Ascenseur.glb",
  "parameters": [
    {
      "id": "speed",
      "label": "Speed",
      "type": "slider",
      "default": 5,
      "max": 20,
      "min": 0,
      "step": 1
    },
    {
      "id": "levels",
      "label" : "Space separated height of different levels",
      "type": "text",
      "default": "0 5 10"
    },
    {
      "id": "duration",
      "label" : "Time spent at each level (milliseconds)",
      "type": "integer",
      "default": 2000,
      "min": 0
    }
  ]
}